{
  "generated_at": "2026-05-11T02:09:50.161082",
  "runs": [
    {
      "vm_count": 100,
      "mem_before_mb": 71.01171875,
      "mem_after_mb": 71.765625,
      "mem_delta_mb": 0.75390625,
      "timeout_count": 0,
      "error_count": 0,
      "results": {
        "Compatibility Check": {
          "avg_ms": 0.7960926668602042,
          "p50_ms": 0.7516030018450692,
          "p95_ms": 0.91172300017206,
          "p99_ms": 0.91172300017206,
          "min_ms": 0.7249519985634834,
          "max_ms": 0.91172300017206,
          "throughput_vm_per_s": 125613.51732380703
        },
        "Plan Generation": {
          "avg_ms": 0.2586463330468784,
          "p50_ms": 0.22529399939230643,
          "p95_ms": 0.3358409994689282,
          "p99_ms": 0.3358409994689282,
          "min_ms": 0.2148040002794005,
          "max_ms": 0.3358409994689282,
          "throughput_vm_per_s": 386628.3307479773
        },
        "Parallel (concurrency=10)": {
          "avg_ms": 1.0606736674769006,
          "p50_ms": 1.0400850005680695,
          "p95_ms": 1.1097860005975235,
          "p99_ms": 1.1097860005975235,
          "min_ms": 1.0321500012651086,
          "max_ms": 1.1097860005975235,
          "throughput_vm_per_s": 94279.70455595176
        }
      }
    },
    {
      "vm_count": 500,
      "mem_before_mb": 73.66796875,
      "mem_after_mb": 76.4453125,
      "mem_delta_mb": 2.77734375,
      "timeout_count": 0,
      "error_count": 0,
      "results": {
        "Compatibility Check": {
          "avg_ms": 3.7820246676953198,
          "p50_ms": 3.761510000913404,
          "p95_ms": 3.8590719996136613,
          "p99_ms": 3.8590719996136613,
          "min_ms": 3.7254920025588945,
          "max_ms": 3.8590719996136613,
          "throughput_vm_per_s": 132204.32015444487
        },
        "Plan Generation": {
          "avg_ms": 1.3199836660836202,
          "p50_ms": 1.3640430006489623,
          "p95_ms": 1.52682900079526,
          "p99_ms": 1.52682900079526,
          "min_ms": 1.0690789968066383,
          "max_ms": 1.52682900079526,
          "throughput_vm_per_s": 378792.5660349234
        },
        "Parallel (concurrency=10)": {
          "avg_ms": 4.981755667055647,
          "p50_ms": 4.961844999343157,
          "p95_ms": 5.03998200292699,
          "p99_ms": 5.03998200292699,
          "min_ms": 4.9434399988967925,
          "max_ms": 5.03998200292699,
          "throughput_vm_per_s": 100366.22295760113
        }
      }
    },
    {
      "vm_count": 1000,
      "mem_before_mb": 78.48828125,
      "mem_after_mb": 83.47265625,
      "mem_delta_mb": 4.984375,
      "timeout_count": 0,
      "error_count": 0,
      "results": {
        "Compatibility Check": {
          "avg_ms": 7.6331823341509635,
          "p50_ms": 7.647623002412729,
          "p95_ms": 7.696193999436218,
          "p99_ms": 7.696193999436218,
          "min_ms": 7.555730000603944,
          "max_ms": 7.696193999436218,
          "throughput_vm_per_s": 131006.9583332218
        },
        "Plan Generation": {
          "avg_ms": 15.157967332925182,
          "p50_ms": 2.8473310012486763,
          "p95_ms": 40.15873299795203,
          "p99_ms": 40.15873299795203,
          "min_ms": 2.46783799957484,
          "max_ms": 40.15873299795203,
          "throughput_vm_per_s": 65971.9062613272
        },
        "Parallel (concurrency=10)": {
          "avg_ms": 10.503660334507003,
          "p50_ms": 10.55179099785164,
          "p95_ms": 10.562301002210006,
          "p99_ms": 10.562301002210006,
          "min_ms": 10.396889003459364,
          "max_ms": 10.562301002210006,
          "throughput_vm_per_s": 95204.90649481153
        }
      }
    }
  ],
  "memory_stability": {
    "readings": [
      71.8,
      71.8,
      71.8,
      71.8,
      71.8
    ],
    "min_mb": 71.8,
    "max_mb": 71.8,
    "delta_mb": 0.0,
    "leak_detected": false
  },
  "timeout_analysis": {
    "timeout_threshold_s": 0.001,
    "timed_out": 0,
    "completed": 1600,
    "timeout_pct": 0.0
  }
}